MB\FR,2,5,8
2,1.000000,44.500000,-48.500000
5,-7.166667,49.500000,-36.833333
8,21.666667,107.666667,-52.833333
