MB\FR,2,5,8
2,144.333333,209.666667,123.000000
5,154.166667,177.333333,125.000000
8,163.333333,235.000000,124.500000
