MB\FR,2,5,8
2,2.824906,2.079532,2.248092
5,2.486211,1.828038,2.191471
8,1.915220,1.860770,2.108809
