MB\FR,2,5,8
2,83.333333,33.333333,50.000000
5,66.666667,16.666667,50.000000
8,33.333333,83.333333,33.333333
