MB\FR,2,5,8
2,-16.666667,-50.000000,16.666667
5,-16.666667,-33.333333,33.333333
8,-33.333333,50.000000,33.333333
