MB\FR,2,5,8
2,2.026894,2.064690,2.590983
5,2.158108,2.065195,2.497709
8,1.904414,1.884090,2.440712
