MB\FR,2,5,8
2,143.333333,165.166667,171.500000
5,161.333333,127.833333,161.833333
8,141.666667,127.333333,177.333333
