MB\FR,2,5,8
2,-0.798012,-0.014842,0.342891
5,-0.328103,0.237156,0.306237
8,-0.010806,0.023320,0.331902
