MB\FR,2,5,8
2,100.000000,83.333333,33.333333
5,83.333333,50.000000,16.666667
8,66.666667,33.333333,0.000000
